<application>
  <component name="FeatureSuggesterSettings">
    <option name="workingDays">
      <list>
        <option value="1652406728167" />
        <option value="1652555849200" />
        <option value="1652641683112" />
        <option value="1653161927525" />
        <option value="1653261286043" />
        <option value="1653710972381" />
        <option value="1654151423011" />
        <option value="1654390094699" />
        <option value="1654405134955" />
        <option value="1654663859415" />
        <option value="1654888373217" />
        <option value="1654922429404" />
        <option value="1655006582169" />
        <option value="1655185325127" />
        <option value="1655266347057" />
        <option value="1655355025697" />
        <option value="1655440841926" />
        <option value="1655529443854" />
        <option value="1655615381945" />
        <option value="1655700406442" />
      </list>
    </option>
  </component>
</application>